Ref,Val,Package,PosX,PosY,Rot,Side
"D1","CDBA240LL-HF","DO-214AC",139.000000,-125.250000,0.000000,top
"D2","CDBA240LL-HF","DO-214AC",149.500000,-125.250000,0.000000,top
"D3","CDBA240LL-HF","DO-214AC",158.750000,-125.250000,0.000000,top
