Ref,Val,Package,PosX,PosY,Rot,Side
"D1","CDBA240LL-HF","DO-214AC",125.500000,-91.000000,90.000000,top
"D2","CDBA240LL-HF","DO-214AC",157.750000,-103.500000,270.000000,top
"D3","CDBA240LL-HF","DO-214AC",157.750000,-92.000000,90.000000,top
