Ref,Val,Package,PosX,PosY,Rot,Side
"D1","CDBA240LL-HF","DO-214AC",119.856000,-85.500000,180.000000,top
"D2","CDBA240LL-HF","DO-214AC",163.750000,-85.750000,180.000000,top
"D3","CDBA240LL-HF","DO-214AC",177.250000,-85.750000,0.000000,top
